,21133104110,061300 ,S,y,y,
,21133104110,069400 ,S,y,y,
,21133104110,020700 ,S,y,y,
,21133104110,043700,S,y,y,
,21133104110,100100 ,S,y,y,
,21133104110,307600 ,S,y,y,
,21133104110,307700 ,S,y,y,
,21133104110,007500,S,n,y,
,21133104110,100100 ,F,y,y,
,21133104110,090100 ,F,y,y,
,21133104110,285200 ,F,y,y,
,21133104110,082500 ,F,y,y,
,21133104110,275700 ,F,y,y,
,21133104110,083200 ,F,y,y,
,21133104110,278500 ,F,y,y,
,21133104110,278000 ,F,n,y,
,21133104110,104100 ,F,y,y,
,21133104110,030001 ,O,y,y,
,21133104110,030002 ,O,y,y,
,21233104110,010300,S,y,y,
,21233104110,100100 ,S,y,y,
,21233104110,061300 ,S,y,y,
,21233104110,069400 ,S,y,y,
,21233104110,043700,S,y,y,
,21233104110,307600 ,S,y,y,
,21233104110,307700 ,S,y,y,
,21233104110,100100 ,F,y,y,
,21233104110,090100 ,F,y,y,
,21233104110,285200 ,F,y,y,
,21233104110,082500 ,F,y,y,
,21233104110,275700 ,F,y,y,
,21233104110,083200 ,F,y,y,
,21233104110,278500 ,F,y,y,
,21233104110,278000 ,F,n,y,
,21233104110,104100 ,F,y,y,
,21233104110,030001,O,y,y,
,21233104110,030002,O,y,y,
,21113403110,020700,S,y,y,
,21113403110,043700 ,S,y,y,
,21113403110,100100,S,y,y,
,21113403110,062300,S,y,y,
,21113403110,061300,S,y,y,
,21113403110,279700,S,y,y,
,21113403110,501000,S,y,y,
,21113403110,100100,F,y,y,
,21113403110,090100,F,y,y,
,21113403110,285200,F,y,y,
,21113403110,082500,F,y,y,
,21113403110,275700,F,y,y,
,21113403110,083200,F,y,y,
,21113403110,278500,F,y,y,
,21113403110,278000,F,n,y,
,21113403110,104100,F,y,y,
,21113403110,030001,O,y,y,
,21113403110,030002,F,y,y,
,21120003110,061300,S,y,y,
,21120003110,062300,S,y,y,
,21120003110,020700,S,y,y,
,21120003110,043700,S,y,y,
,21120003110,100100,S,y,y,
,21120003110,073700,S,y,y,
,21120003110,501100,S,y,y,
,21120003110,175200,S,y,y,Architecture construction
,21120003110,100100,F,y,y,
,21120003110,090100,F,y,y,
,21120003110,285200,F,y,y,
,21120003110,082500,F,y,y,
,21120003110,275700,F,y,y,
,21120003110,083200,F,y,y,
,21120003110,278500,F,y,y,
,21120003110,278000,F,n,y,
,21120003110,104100,F,y,y,
,21120003110,030001,O,y,y,
,21120003110,030002,F,y,y,
,21120004110,061300,S,y,y,
,21120004110,062300,S,y,y,
,21120004110,020700,S,y,y,
,21120004110,043700,S,y,y,
,21120004110,100100,S,y,y,
,21120004110,073700,S,y,y,
,21120004110,501100,S,y,y,
,21120004110,181700,S,y,y,Energies et environnement
,21120004110,100100,F,y,y,
,21120004110,090100,F,y,y,
,21120004110,285200,F,y,y,
,21120004110,082500,F,y,y,
,21120004110,275700,F,y,y,
,21120004110,083200,F,y,y,
,21120004110,278500,F,y,y,
,21120004110,278000,F,n,y,
,21120004110,104100,F,y,y,
,21120004110,030001,O,y,y,
,21120004110,030002,F,y,y,
,21120005110,061300,S,y,y,
,21120005110,062300,S,y,y,
,21120005110,020700,S,y,y,
,21120005110,043700,S,y,y,
,21120005110,100100,S,y,y,
,21120005110,073700,S,y,y,
,21120005110,501100,S,y,y,
,21120005110,073600,S,y,y,Innov. Techno. Eco. Concept.
,21120005110,100100,F,y,y,
,21120005110,285200,F,y,y,
,21120005110,090100,F,y,y,
,21120005110,082500,F,y,y,
,21120005110,275700,F,y,y,
,21120005110,083200,F,y,y,
,21120005110,278500,F,y,y,
,21120005110,278000,F,n,y,
,21120005110,104100,F,y,y,
,21120005110,030001,O,y,y,
,21120005110,030002,F,y,y,
,21120006110,061300,S,y,y,
,21120006110,062300,S,y,y,
,21120006110,020700,S,y,y,
,21120006110,043700,S,y,y,
,21120006110,100100,S,y,y,
,21120006110,073700,S,y,y,
,21120006110,501100,S,y,y,
,21120006110,242000,S,y,y,Système info. et numérique
,21120006110,100100,F,y,y,
,21120006110,090100,F,y,y,
,21120006110,285200,F,y,y,
,21120006110,082500,F,y,y,
,21120006110,275700,F,y,y,
,21120006110,083200,F,y,y,
,21120006110,278500,F,y,y,
,21120006110,278000,F,n,y,
,21120006110,104100,F,y,y,
,21120006110,030001,O,y,y,
,21120006110,030002,F,y,y,
,21120007110,061300,S,y,y,
,21120007110,062300,S,y,y,
,21120007110,020700,S,y,y,
,21120007110,043700,S,y,y,
,21120007110,100100,S,y,y,
,21120007110,308600,S,y,y,
,21120007110,308700,S,y,y,
,21120007110,501100,S,y,y,
,21120007110,313100,S,y,y,BIOTECHNOLOGIES
,21120007110,100100,F,y,y,
,21120007110,090100,F,y,y,
,21120007110,285200,F,y,y,
,21120007110,082500,F,y,y,
,21120007110,275700,F,y,y,
,21120007110,083200,F,y,y,
,21120007110,278500,F,y,y,
,21120007110,278000,F,n,y,
,21120007110,104100,F,y,y,
,21120007110,030002,O,y,y,
,21120007110,030002,F,y,y,
,21120008110,061300,S,y,y,
,21120008110,062300,S,y,y,
,21120008110,020700,S,y,y,
,21120008110,043700,S,y,y,
,21120008110,100100,S,y,y,
,21120008110,308600,S,y,y,
,21120008110,308700,S,y,y,
,21120008110,501100,S,y,y,
,21120008110,069700,S,y,y,SCIENCES PHYSIQUES ET CHIMIQUES EN LABO.
,21120008110,100100,F,y,y,
,21120008110,090100,F,y,y,
,21120008110,285200,F,y,y,
,21120008110,082500,F,y,y,
,21120008110,275700,F,y,y,
,21120008110,083200,F,y,y,
,21120008110,278500,F,y,y,
,21120008110,278000,F,n,y,
,21120008110,104100,F,y,y,
,21120008110,030002,O,y,y,
,21120008110,030002,F,y,y,
,21131016110,061300,S,y,y,
,21131016110,020700,S,y,y,
,21131016110,043700,S,y,y,
,21131016110,100100,S,y,y,
,21131016110,435400,S,y,y,
,21131016110,381000,S,y,y,
,21131016110,434300,S,y,y,
,21131016110,100100,F,y,y,
,21131016110,090100,F,y,y,
,21131016110,285200,F,y,y,
,21131016110,082500,F,y,y,
,21131016110,275700,F,y,y,
,21131016110,083200,F,y,y,
,21131016110,278500,F,y,y,
,21131016110,278000,F,n,y,
,21131016110,104100,F,y,y,
,21131016110,030001,O,y,y,
,21131016110,030002,O,y,y,
